chain, residue_label, residue_name, score, zscore, probability, pocket
A,    1, MET,  0.2092,  -0.2308,   0.0094, 0
A,    2, LYS,  0.0251,  -0.3130,   0.0009, 0
A,    3, ARG,  0.0298,  -0.3109,   0.0010, 0
A,    4, LEU,  0.0000,  -0.3242,   0.0005, 0
A,    5, LEU,  0.0000,  -0.3242,   0.0005, 0
A,    6, VAL,  0.0325,  -0.3097,   0.0011, 0
A,    7, THR,  1.3487,   0.2779,   0.2440, 1
A,    8, GLY,  1.7021,   0.4356,   0.3325, 1
A,    9, ALA,  1.0273,   0.1344,   0.1592, 0
A,   10, ALA,  0.5995,  -0.0566,   0.0581, 0
A,   11, GLY,  0.9463,   0.0982,   0.1379, 1
A,   12, GLN,  0.5858,  -0.0627,   0.0556, 1
A,   13, LEU,  0.6547,  -0.0320,   0.0688, 1
A,   14, GLY,  0.3809,  -0.1542,   0.0253, 0
A,   15, ARG,  0.1047,  -0.2775,   0.0036, 0
A,   16, VAL,  0.0705,  -0.2927,   0.0023, 0
A,   17, MET,  0.0008,  -0.3239,   0.0005, 0
A,   18, ARG,  0.0147,  -0.3177,   0.0007, 0
A,   19, GLU,  0.0179,  -0.3163,   0.0008, 0
A,   20, ARG,  0.0202,  -0.3152,   0.0008, 0
A,   21, LEU,  0.0085,  -0.3204,   0.0006, 0
A,   22, ALA,  0.0218,  -0.3145,   0.0008, 0
A,   23, PRO,  0.0377,  -0.3074,   0.0012, 0
A,   24, MET,  0.1133,  -0.2736,   0.0040, 0
A,   25, ALA,  0.0632,  -0.2960,   0.0020, 0
A,   26, GLU,  0.0236,  -0.3137,   0.0009, 0
A,   27, ILE,  0.0090,  -0.3202,   0.0006, 0
A,   28, LEU,  0.0025,  -0.3231,   0.0005, 0
A,   29, ARG,  0.0330,  -0.3095,   0.0011, 0
A,   30, LEU,  0.0152,  -0.3175,   0.0007, 0
A,   31, ALA,  0.8358,   0.0489,   0.1099, 1
A,   32, ASP,  1.5828,   0.3823,   0.3037, 1
A,   33, LEU,  1.5323,   0.3598,   0.2911, 1
A,   34, SER,  0.5090,  -0.0970,   0.0428, 1
A,   35, PRO,  0.0286,  -0.3115,   0.0010, 0
A,   36, LEU,  0.0268,  -0.3123,   0.0009, 0
A,   37, ASP,  0.0192,  -0.3157,   0.0008, 0
A,   38, PRO,  0.0105,  -0.3195,   0.0006, 0
A,   39, ALA,  0.0094,  -0.3200,   0.0006, 0
A,   40, GLY,  0.0054,  -0.3218,   0.0005, 0
A,   41, PRO,  0.0083,  -0.3205,   0.0006, 0
A,   42, ASN,  0.0110,  -0.3193,   0.0006, 0
A,   43, GLU,  0.0107,  -0.3195,   0.0006, 0
A,   44, GLU,  0.0268,  -0.3123,   0.0009, 0
A,   45, CYS,  0.0456,  -0.3039,   0.0014, 0
A,   46, VAL,  0.1596,  -0.2530,   0.0063, 0
A,   47, GLN,  0.0502,  -0.3018,   0.0016, 0
A,   48, CYS,  1.0089,   0.1262,   0.1544, 1
A,   49, ASP,  0.6137,  -0.0503,   0.0608, 1
A,   50, LEU,  1.3452,   0.2763,   0.2430, 1
A,   51, ALA,  0.2128,  -0.2293,   0.0097, 0
A,   52, ASP,  0.0162,  -0.3170,   0.0007, 0
A,   53, ALA,  0.0488,  -0.3025,   0.0015, 0
A,   54, ASN,  0.0228,  -0.3140,   0.0009, 0
A,   55, ALA,  0.0262,  -0.3126,   0.0009, 0
A,   56, VAL,  0.0261,  -0.3126,   0.0009, 0
A,   57, ASN,  0.0217,  -0.3145,   0.0008, 0
A,   58, ALA,  0.0409,  -0.3060,   0.0013, 0
A,   59, MET,  0.2527,  -0.2114,   0.0127, 0
A,   60, VAL,  0.0155,  -0.3173,   0.0007, 0
A,   61, ALA,  0.0553,  -0.2995,   0.0018, 0
A,   62, GLY,  0.0399,  -0.3064,   0.0013, 0
A,   63, CYS,  0.0427,  -0.3052,   0.0014, 0
A,   64, ASP,  0.1916,  -0.2387,   0.0082, 0
A,   65, GLY,  0.1187,  -0.2712,   0.0043, 0
A,   66, ILE,  0.0000,  -0.3242,   0.0005, 0
A,   67, VAL,  0.0000,  -0.3242,   0.0005, 0
A,   68, HIS,  0.4319,  -0.1314,   0.0316, 0
A,   69, LEU,  1.7565,   0.4599,   0.3448, 1
A,   70, GLY,  1.9236,   0.5345,   0.3824, 1
A,   71, GLY,  1.8756,   0.5131,   0.3718, 1
A,   72, ILE,  0.8367,   0.0493,   0.1101, 1
A,   73, SER,  1.1857,   0.2051,   0.2011, 1
A,   74, VAL,  0.2068,  -0.2319,   0.0092, 0
A,   75, GLU,  0.1041,  -0.2778,   0.0036, 0
A,   76, LYS,  0.0568,  -0.2989,   0.0018, 0
A,   77, PRO,  0.0235,  -0.3137,   0.0009, 0
A,   78, PHE,  0.4977,  -0.1020,   0.0410, 0
A,   79, GLU,  0.0403,  -0.3062,   0.0013, 0
A,   80, GLN,  0.1307,  -0.2659,   0.0048, 1
A,   81, ILE,  0.0777,  -0.2896,   0.0025, 0
A,   82, LEU,  0.3093,  -0.1862,   0.0177, 0
A,   83, GLN,  0.2462,  -0.2143,   0.0122, 1
A,   84, GLY,  0.3901,  -0.1501,   0.0265, 1
A,   85, ASN,  0.1022,  -0.2786,   0.0035, 0
A,   86, ILE,  0.6262,  -0.0447,   0.0632, 0
A,   87, ILE,  0.1446,  -0.2597,   0.0055, 0
A,   88, GLY,  0.0107,  -0.3195,   0.0006, 0
A,   89, LEU,  0.0059,  -0.3216,   0.0005, 0
A,   90, TYR,  0.4790,  -0.1104,   0.0381, 0
A,   91, ASN,  0.0613,  -0.2969,   0.0020, 0
A,   92, LEU,  0.0025,  -0.3231,   0.0005, 0
A,   93, TYR,  0.0044,  -0.3223,   0.0005, 0
A,   94, GLU,  0.2027,  -0.2337,   0.0090, 0
A,   95, ALA,  0.0182,  -0.3161,   0.0008, 0
A,   96, ALA,  0.0090,  -0.3202,   0.0006, 0
A,   97, ARG,  0.1060,  -0.2769,   0.0037, 0
A,   98, ALA,  0.0263,  -0.3125,   0.0009, 0
A,   99, HIS,  0.0311,  -0.3104,   0.0010, 0
A,  100, GLY,  0.0238,  -0.3136,   0.0009, 0
A,  101, GLN,  0.1543,  -0.2554,   0.0060, 0
A,  102, PRO,  0.1310,  -0.2658,   0.0048, 0
A,  103, ARG,  0.1720,  -0.2475,   0.0071, 0
A,  104, ILE,  0.0000,  -0.3242,   0.0005, 0
A,  105, VAL,  0.0000,  -0.3242,   0.0005, 0
A,  106, PHE,  0.0000,  -0.3242,   0.0005, 0
A,  107, ALA,  0.5147,  -0.0945,   0.0436, 1
A,  108, SER,  0.5026,  -0.0999,   0.0417, 1
A,  109, SER,  0.4575,  -0.1200,   0.0351, 1
A,  110, ASN,  0.5952,  -0.0585,   0.0573, 0
A,  111, HIS,  0.6453,  -0.0362,   0.0669, 1
A,  112, THR,  0.2534,  -0.2111,   0.0127, 0
A,  113, ILE,  0.0901,  -0.2840,   0.0030, 0
A,  114, GLY,  0.0000,  -0.3242,   0.0005, 0
A,  115, TYR,  0.2772,  -0.2005,   0.0148, 0
A,  116, TYR,  0.0529,  -0.3006,   0.0017, 0
A,  117, PRO,  0.0477,  -0.3029,   0.0015, 0
A,  118, GLN,  0.2716,  -0.2030,   0.0143, 0
A,  119, THR,  0.0775,  -0.2896,   0.0025, 0
A,  120, GLU,  0.0441,  -0.3046,   0.0014, 0
A,  121, ARG,  0.1667,  -0.2498,   0.0067, 0
A,  122, LEU,  0.0377,  -0.3074,   0.0012, 0
A,  123, GLY,  0.0268,  -0.3123,   0.0009, 0
A,  124, PRO,  0.5307,  -0.0873,   0.0461, 0
A,  125, ASP,  0.2434,  -0.2156,   0.0119, 0
A,  126, VAL,  0.4434,  -0.1263,   0.0332, 0
A,  127, PRO,  0.2494,  -0.2129,   0.0124, 0
A,  128, ALA,  0.4554,  -0.1210,   0.0348, 0
A,  129, ARG,  0.2475,  -0.2137,   0.0123, 0
A,  130, PRO,  0.2011,  -0.2345,   0.0089, 0
A,  131, ASP,  0.0504,  -0.3018,   0.0016, 0
A,  132, GLY,  0.0695,  -0.2932,   0.0022, 0
A,  133, LEU,  0.2294,  -0.2218,   0.0109, 0
A,  134, TYR,  0.6107,  -0.0516,   0.0602, 1
A,  135, GLY,  0.0239,  -0.3135,   0.0009, 0
A,  136, VAL,  0.3987,  -0.1462,   0.0275, 0
A,  137, SER,  0.1855,  -0.2414,   0.0079, 0
A,  138, LYS,  0.2918,  -0.1940,   0.0161, 1
A,  139, CYS,  0.5089,  -0.0971,   0.0427, 0
A,  140, PHE,  0.7454,   0.0085,   0.0883, 0
A,  141, GLY,  0.0273,  -0.3121,   0.0010, 0
A,  142, GLU,  0.6085,  -0.0526,   0.0598, 0
A,  143, ASN,  0.6929,  -0.0149,   0.0768, 0
A,  144, LEU,  0.3671,  -0.1604,   0.0237, 0
A,  145, ALA,  0.0116,  -0.3190,   0.0006, 0
A,  146, ARG,  0.3720,  -0.1582,   0.0243, 0
A,  147, MET,  0.3438,  -0.1708,   0.0212, 0
A,  148, TYR,  0.3207,  -0.1811,   0.0188, 0
A,  149, PHE,  0.2451,  -0.2148,   0.0121, 0
A,  150, ASP,  0.0955,  -0.2816,   0.0032, 0
A,  151, LYS,  0.1373,  -0.2629,   0.0051, 0
A,  152, PHE,  0.1635,  -0.2512,   0.0066, 0
A,  153, GLY,  0.0793,  -0.2889,   0.0026, 0
A,  154, GLN,  0.0264,  -0.3125,   0.0009, 0
A,  155, GLU,  0.1656,  -0.2503,   0.0067, 0
A,  156, THR,  0.0000,  -0.3242,   0.0005, 0
A,  157, ALA,  0.0000,  -0.3242,   0.0005, 0
A,  158, LEU,  0.4090,  -0.1417,   0.0287, 0
A,  159, VAL,  0.0531,  -0.3005,   0.0017, 0
A,  160, ARG,  0.5833,  -0.0638,   0.0551, 0
A,  161, ILE,  0.7578,   0.0141,   0.0912, 1
A,  162, GLY,  0.6226,  -0.0463,   0.0626, 1
A,  163, SER,  0.6605,  -0.0294,   0.0700, 1
A,  164, CYS,  0.4096,  -0.1414,   0.0288, 1
A,  165, THR,  0.1215,  -0.2700,   0.0044, 1
A,  166, PRO,  0.1058,  -0.2770,   0.0037, 0
A,  167, GLU,  0.0422,  -0.3054,   0.0013, 0
A,  168, PRO,  0.0086,  -0.3204,   0.0006, 0
A,  169, ASN,  0.1560,  -0.2546,   0.0061, 0
A,  170, ASN,  0.2266,  -0.2231,   0.0107, 0
A,  171, TYR,  0.2935,  -0.1932,   0.0162, 0
A,  172, ARG,  0.7873,   0.0272,   0.0983, 1
A,  173, MET,  0.3568,  -0.1649,   0.0226, 1
A,  174, LEU,  0.2041,  -0.2331,   0.0091, 0
A,  175, SER,  0.2025,  -0.2339,   0.0089, 0
A,  176, THR,  0.2626,  -0.2070,   0.0135, 0
A,  177, TRP,  0.0479,  -0.3028,   0.0015, 0
A,  178, PHE,  0.0028,  -0.3230,   0.0005, 0
A,  179, SER,  0.0310,  -0.3104,   0.0010, 0
A,  180, HIS,  0.0809,  -0.2881,   0.0026, 0
A,  181, ASP,  0.0214,  -0.3147,   0.0008, 0
A,  182, ASP,  0.0032,  -0.3228,   0.0005, 0
A,  183, PHE,  0.2010,  -0.2345,   0.0088, 0
A,  184, VAL,  0.0092,  -0.3201,   0.0006, 0
A,  185, SER,  0.0141,  -0.3179,   0.0007, 0
A,  186, LEU,  0.0071,  -0.3211,   0.0006, 0
A,  187, ILE,  0.0172,  -0.3166,   0.0007, 0
A,  188, GLU,  0.0967,  -0.2811,   0.0033, 0
A,  189, ALA,  0.0232,  -0.3139,   0.0009, 0
A,  190, VAL,  0.0084,  -0.3205,   0.0006, 0
A,  191, PHE,  0.2498,  -0.2127,   0.0124, 0
A,  192, ARG,  0.1511,  -0.2568,   0.0058, 0
A,  193, ALA,  0.0771,  -0.2898,   0.0025, 0
A,  194, PRO,  0.0502,  -0.3018,   0.0016, 0
A,  195, VAL,  0.2608,  -0.2078,   0.0133, 0
A,  196, LEU,  0.3511,  -0.1675,   0.0220, 0
A,  197, GLY,  0.2384,  -0.2178,   0.0116, 0
A,  198, CYS,  0.3665,  -0.1606,   0.0237, 0
A,  199, PRO,  0.2434,  -0.2156,   0.0119, 0
A,  200, VAL,  0.6477,  -0.0351,   0.0674, 0
A,  201, VAL,  0.0022,  -0.3232,   0.0005, 0
A,  202, TRP,  0.3842,  -0.1527,   0.0257, 0
A,  203, GLY,  0.0956,  -0.2816,   0.0032, 0
A,  204, ALA,  0.4744,  -0.1125,   0.0375, 0
A,  205, SER,  0.4997,  -0.1012,   0.0413, 0
A,  206, ALA,  0.4482,  -0.1242,   0.0338, 0
A,  207, ASN,  0.1471,  -0.2586,   0.0056, 0
A,  208, ASP,  0.0280,  -0.3118,   0.0010, 0
A,  209, ALA,  0.1546,  -0.2552,   0.0060, 0
A,  210, GLY,  0.1558,  -0.2547,   0.0061, 0
A,  211, TRP,  0.1853,  -0.2415,   0.0078, 0
A,  212, TRP,  0.3154,  -0.1834,   0.0183, 0
A,  213, ASP,  0.2405,  -0.2169,   0.0117, 0
A,  214, ASN,  0.5888,  -0.0614,   0.0561, 0
A,  215, SER,  0.1147,  -0.2730,   0.0041, 0
A,  216, HIS,  0.2985,  -0.1910,   0.0167, 0
A,  217, LEU,  0.1061,  -0.2769,   0.0037, 0
A,  218, GLY,  0.0232,  -0.3139,   0.0009, 0
A,  219, PHE,  0.3183,  -0.1821,   0.0186, 0
A,  220, LEU,  0.0293,  -0.3112,   0.0010, 0
A,  221, GLY,  0.0232,  -0.3139,   0.0009, 0
A,  222, TRP,  0.4980,  -0.1019,   0.0410, 0
A,  223, LYS,  0.3413,  -0.1719,   0.0209, 0
A,  224, PRO,  0.5413,  -0.0826,   0.0479, 0
A,  225, LYS,  0.0234,  -0.3138,   0.0009, 0
A,  226, ASP,  0.0391,  -0.3068,   0.0013, 0
A,  227, ASN,  0.0273,  -0.3120,   0.0010, 0
A,  228, ALA,  0.0034,  -0.3227,   0.0005, 0
A,  229, GLU,  0.0338,  -0.3092,   0.0011, 0
A,  230, ALA,  0.0778,  -0.2895,   0.0025, 0
A,  231, PHE,  0.1015,  -0.2789,   0.0035, 0
A,  232, ARG,  0.2439,  -0.2154,   0.0120, 0
A,  233, ARG,  0.0536,  -0.3003,   0.0017, 0
A,  234, HIS,  0.0521,  -0.3010,   0.0017, 0
A,  235, ILE,  0.0140,  -0.3180,   0.0007, 0
A,  236, THR,  0.0290,  -0.3113,   0.0010, 0
A,  237, GLU,  0.0084,  -0.3205,   0.0006, 0
A,  238, THR,  0.0077,  -0.3208,   0.0006, 0
A,  239, THR,  0.0317,  -0.3101,   0.0011, 0
A,  240, PRO,  0.0298,  -0.3110,   0.0010, 0
A,  241, PRO,  0.0233,  -0.3138,   0.0009, 0
A,  242, PRO,  0.1537,  -0.2556,   0.0060, 0
A,  243, ASP,  0.0089,  -0.3203,   0.0006, 0
A,  244, PRO,  0.0322,  -0.3099,   0.0011, 0
A,  245, ASN,  0.0216,  -0.3146,   0.0008, 0
A,  246, ASP,  0.0283,  -0.3116,   0.0010, 0
A,  247, ALA,  0.0225,  -0.3142,   0.0009, 0
A,  248, LEU,  0.2410,  -0.2167,   0.0118, 0
A,  249, VAL,  0.2405,  -0.2169,   0.0117, 0
A,  250, ARG,  0.1741,  -0.2465,   0.0072, 0
A,  251, PHE,  0.2230,  -0.2247,   0.0104, 0
A,  252, GLN,  0.1368,  -0.2632,   0.0051, 0
A,  253, GLY,  0.3958,  -0.1475,   0.0272, 1
A,  254, GLY,  0.3633,  -0.1621,   0.0233, 0
A,  255, THR,  0.2878,  -0.1958,   0.0157, 1
A,  256, PHE,  0.5947,  -0.0588,   0.0572, 1
A,  257, VAL,  0.1087,  -0.2757,   0.0038, 0
A,  258, ASP,  0.0363,  -0.3080,   0.0012, 0
A,  259, ASN,  0.0862,  -0.2857,   0.0028, 0
A,  260, PRO,  0.0310,  -0.3104,   0.0010, 0
A,  261, ILE,  0.0724,  -0.2919,   0.0023, 0
A,  262, PHE,  0.1058,  -0.2770,   0.0037, 0
A,  263, LYS,  0.0718,  -0.2922,   0.0023, 0
A,  264, GLN,  0.0225,  -0.3142,   0.0009, 0
A,  265, SER,  0.0263,  -0.3125,   0.0009, 0
